Name;address;city;state;zipCode;cardType;creditCardNumber;creditCardMonth;creditCardYear;nameOnCard;;;;;;
admin1 ;maadi 98;alex;cameron;11110;visa;11112;1;2010;admin1 ;;;;;;
admin2;maadi 99;alex;cameron;11111;visa;11113;2;2011;admin2;;;;;;
admin3;maadi 100;alex;cameron;11112;visa;11114;3;2012;admin3;;;;;;
admin4;maadi 101;alex;cameron;11113;visa;11115;4;2013;admin4;;;;;;
admin5;maadi 102;alex;cameron;11114;visa;11116;5;2014;admin5;;;;;;
admin6;maadi 103;alex;cameron;11115;visa;11117;6;2015;admin6;;;;;;
admin7;maadi 104;alex;cameron;11116;visa;11118;7;2016;admin7;;;;;;
admin8;maadi 105;alex;cameron;11117;visa;11119;8;2017;admin8;;;;;;
admin9;maadi 106;alex;cameron;11118;visa;11120;9;2018;admin9;;;;;;
admin10;maadi 107;alex;cameron;11119;visa;11121;10;2019;admin10;;;;;;
admin11;maadi 108;alex;cameron;11120;visa;11122;11;2020;admin11;;;;;;
admin12;maadi 109;alex;cameron;11121;visa;11123;12;2021;admin12;;;;;;
